date,country,D,H,I,M,S
2021-04-01,Afghanistan,0,37,0,0,0
2021-04-01,Algeria,0,41,0,0,0
2021-04-01,Bangladesh,0,166,0,0,0
2021-04-02,Afghanistan,0,32,5,0,0
2021-04-02,Algeria,0,35,6,0,0
2021-04-02,Bangladesh,0,115,51,0,0
2021-04-03,Afghanistan,0,26,11,0,0
2021-04-03,Algeria,0,29,12,0,0
2021-04-03,Bangladesh,0,84,82,0,0
2021-04-04,Afghanistan,0,20,17,0,0
2021-04-04,Algeria,0,21,20,0,0
2021-04-04,Bangladesh,0,72,94,0,0
2021-04-05,Afghanistan,0,18,19,0,0
2021-04-05,Algeria,0,16,25,0,0
2021-04-05,Bangladesh,0,49,117,0,0
2021-04-06,Afghanistan,0,15,17,5,0
2021-04-06,Algeria,0,12,23,3,3
2021-04-06,Bangladesh,0,39,76,27,24
2021-04-07,Afghanistan,0,11,15,8,3
2021-04-07,Algeria,0,10,19,6,6
2021-04-07,Bangladesh,0,29,55,43,39
2021-04-08,Afghanistan,0,11,9,12,5
2021-04-08,Algeria,0,8,13,11,9
2021-04-08,Bangladesh,0,26,46,48,46
2021-04-09,Afghanistan,0,10,8,14,5
2021-04-09,Algeria,0,6,10,13,12
2021-04-09,Bangladesh,0,19,30,58,59
2021-04-10,Afghanistan,0,8,7,15,7
2021-04-10,Algeria,0,4,8,13,16
2021-04-10,Bangladesh,0,17,22,65,62
2021-04-11,Afghanistan,0,8,3,17,9
2021-04-11,Algeria,0,4,6,15,16
2021-04-11,Bangladesh,0,15,14,70,67
2021-04-12,Afghanistan,0,6,5,17,9
2021-04-12,Algeria,0,2,6,16,17
2021-04-12,Bangladesh,0,14,12,73,67
2021-04-13,Afghanistan,0,6,4,17,10
2021-04-13,Algeria,0,2,4,18,17
2021-04-13,Bangladesh,0,13,6,76,71
2021-04-14,Afghanistan,0,6,2,19,10
2021-04-14,Algeria,0,1,3,18,19
2021-04-14,Bangladesh,0,11,6,77,72
2021-04-15,Afghanistan,0,5,3,19,10
2021-04-15,Algeria,0,0,4,18,19
2021-04-15,Bangladesh,0,7,8,77,74
2021-04-16,Afghanistan,0,3,3,20,11
2021-04-16,Algeria,0,0,2,19,20
2021-04-16,Bangladesh,0,4,10,78,74
2021-04-17,Afghanistan,0,3,3,20,11
2021-04-17,Algeria,0,0,2,19,20
2021-04-17,Bangladesh,0,4,9,78,75
2021-04-18,Afghanistan,0,2,4,20,11
2021-04-18,Algeria,0,0,1,19,21
2021-04-18,Bangladesh,0,3,8,78,77
2021-04-19,Afghanistan,0,2,3,21,11
2021-04-19,Algeria,0,0,0,20,21
2021-04-19,Bangladesh,0,2,5,79,80
2021-04-20,Afghanistan,0,2,1,22,12
2021-04-20,Algeria,1,0,0,22,18
2021-04-20,Bangladesh,4,2,2,102,56
2021-04-21,Afghanistan,0,1,2,25,9
2021-04-21,Algeria,2,0,0,24,15
2021-04-21,Bangladesh,7,1,3,114,41
2021-04-22,Afghanistan,0,1,1,28,7
2021-04-22,Algeria,2,0,0,27,12
2021-04-22,Bangladesh,10,1,2,119,34
2021-04-23,Afghanistan,0,1,1,28,7
2021-04-23,Algeria,2,0,0,30,9
2021-04-23,Bangladesh,12,1,1,130,22
2021-04-24,Afghanistan,0,1,1,30,5
2021-04-24,Algeria,2,0,0,34,5
2021-04-24,Bangladesh,13,1,1,132,19
2021-04-25,Afghanistan,0,1,0,32,4
2021-04-25,Algeria,2,0,0,34,5
2021-04-25,Bangladesh,14,1,0,136,15
2021-04-26,Afghanistan,0,1,0,32,4
2021-04-26,Algeria,2,0,0,35,4
2021-04-26,Bangladesh,14,1,0,136,15
2021-04-27,Afghanistan,0,1,0,33,3
2021-04-27,Algeria,2,0,0,35,4
2021-04-27,Bangladesh,14,1,0,140,11
2021-04-28,Afghanistan,0,1,0,33,3
2021-04-28,Algeria,2,0,0,37,2
2021-04-28,Bangladesh,14,1,0,141,10
2021-04-29,Afghanistan,0,1,0,33,3
2021-04-29,Algeria,2,0,0,37,2
2021-04-29,Bangladesh,14,1,0,143,8
2021-04-30,Afghanistan,0,1,0,34,2
2021-04-30,Algeria,2,0,0,38,1
2021-04-30,Bangladesh,14,1,0,143,8
2021-05-01,Afghanistan,0,1,0,34,2
2021-05-01,Algeria,2,0,0,38,1
2021-05-01,Bangladesh,14,1,0,144,7
2021-05-02,Afghanistan,0,1,0,34,2
2021-05-02,Algeria,2,0,0,39,0
2021-05-02,Bangladesh,14,1,0,146,5
2021-05-03,Afghanistan,0,1,0,34,2
2021-05-03,Algeria,2,0,0,39,0
2021-05-03,Bangladesh,14,1,0,149,2
2021-05-04,Afghanistan,0,1,0,35,1
2021-05-04,Algeria,2,0,0,39,0
2021-05-04,Bangladesh,14,1,0,149,2
2021-05-05,Afghanistan,0,0,1,35,1
2021-05-05,Algeria,2,0,0,39,0
2021-05-05,Bangladesh,14,1,0,149,2
2021-05-06,Afghanistan,0,0,1,35,1
2021-05-06,Algeria,2,0,0,39,0
2021-05-06,Bangladesh,14,0,1,149,2
2021-05-07,Afghanistan,0,0,1,35,1
2021-05-07,Algeria,2,0,0,39,0
2021-05-07,Bangladesh,14,0,1,150,1
2021-05-08,Afghanistan,0,0,1,35,1
2021-05-08,Algeria,2,0,0,39,0
2021-05-08,Bangladesh,14,0,1,150,1
2021-05-09,Afghanistan,0,0,0,37,0
2021-05-09,Algeria,2,0,0,39,0
2021-05-09,Bangladesh,14,0,1,151,0
2021-05-10,Afghanistan,0,0,0,37,0
2021-05-10,Algeria,2,0,0,39,0
2021-05-10,Bangladesh,14,0,0,151,1
2021-05-11,Afghanistan,0,0,0,37,0
2021-05-11,Algeria,2,0,0,39,0
2021-05-11,Bangladesh,14,0,0,151,1
2021-05-12,Afghanistan,0,0,0,37,0
2021-05-12,Algeria,2,0,0,39,0
2021-05-12,Bangladesh,14,0,0,151,1
2021-05-13,Afghanistan,0,0,0,37,0
2021-05-13,Algeria,2,0,0,39,0
2021-05-13,Bangladesh,14,0,0,151,1
2021-05-14,Afghanistan,0,0,0,37,0
2021-05-14,Algeria,2,0,0,39,0
2021-05-14,Bangladesh,14,0,0,151,1
2021-05-15,Afghanistan,0,0,0,37,0
2021-05-15,Algeria,2,0,0,39,0
2021-05-15,Bangladesh,14,0,0,151,1
2021-05-16,Afghanistan,0,0,0,37,0
2021-05-16,Algeria,2,0,0,39,0
2021-05-16,Bangladesh,14,0,0,151,1
2021-05-17,Afghanistan,0,0,0,37,0
2021-05-17,Algeria,2,0,0,39,0
2021-05-17,Bangladesh,14,0,0,151,1
2021-05-18,Afghanistan,0,0,0,37,0
2021-05-18,Algeria,2,0,0,39,0
2021-05-18,Bangladesh,14,0,0,151,1
2021-05-19,Afghanistan,0,0,0,37,0
2021-05-19,Algeria,2,0,0,39,0
2021-05-19,Bangladesh,14,0,0,151,1
2021-05-20,Afghanistan,0,0,0,37,0
2021-05-20,Algeria,2,0,0,39,0
2021-05-20,Bangladesh,14,0,0,151,1
2021-05-21,Afghanistan,0,0,0,37,0
2021-05-21,Algeria,2,0,0,39,0
2021-05-21,Bangladesh,14,0,0,151,1
2021-05-22,Afghanistan,0,0,0,37,0
2021-05-22,Algeria,2,0,0,39,0
2021-05-22,Bangladesh,14,0,0,151,1
2021-05-23,Afghanistan,0,0,0,37,0
2021-05-23,Algeria,2,0,0,39,0
2021-05-23,Bangladesh,14,0,0,151,1
2021-05-24,Afghanistan,0,0,0,37,0
2021-05-24,Algeria,2,0,0,39,0
2021-05-24,Bangladesh,14,0,0,152,0
2021-05-25,Afghanistan,0,0,0,37,0
2021-05-25,Algeria,2,0,0,39,0
2021-05-25,Bangladesh,14,0,0,152,0
2021-05-26,Afghanistan,0,0,0,37,0
2021-05-26,Algeria,2,0,0,39,0
2021-05-26,Bangladesh,14,0,0,152,0
2021-05-27,Afghanistan,0,0,0,37,0
2021-05-27,Algeria,2,0,0,39,0
2021-05-27,Bangladesh,14,0,0,152,0
2021-05-28,Afghanistan,0,0,0,37,0
2021-05-28,Algeria,2,0,0,39,0
2021-05-28,Bangladesh,14,0,0,152,0
2021-05-29,Afghanistan,0,0,0,37,0
2021-05-29,Algeria,2,0,0,39,0
2021-05-29,Bangladesh,14,0,0,152,0
2021-05-30,Afghanistan,0,0,0,37,0
2021-05-30,Algeria,2,0,0,39,0
2021-05-30,Bangladesh,14,0,0,152,0
2021-05-31,Afghanistan,0,0,0,37,0
2021-05-31,Algeria,2,0,0,39,0
2021-05-31,Bangladesh,14,0,0,152,0
2021-06-01,Afghanistan,0,0,0,37,0
2021-06-01,Algeria,2,0,0,39,0
2021-06-01,Bangladesh,14,0,0,152,0
2021-06-02,Afghanistan,0,0,0,37,0
2021-06-02,Algeria,2,0,0,39,0
2021-06-02,Bangladesh,14,0,0,152,0
2021-06-03,Afghanistan,0,0,0,37,0
2021-06-03,Algeria,2,0,0,39,0
2021-06-03,Bangladesh,14,0,0,152,0
2021-06-04,Afghanistan,0,0,0,37,0
2021-06-04,Algeria,2,0,0,39,0
2021-06-04,Bangladesh,14,0,0,152,0
2021-06-05,Afghanistan,0,0,0,37,0
2021-06-05,Algeria,2,0,0,39,0
2021-06-05,Bangladesh,14,0,0,152,0
2021-06-06,Afghanistan,0,0,0,37,0
2021-06-06,Algeria,2,0,0,39,0
2021-06-06,Bangladesh,14,0,0,152,0
2021-06-07,Afghanistan,0,0,0,37,0
2021-06-07,Algeria,2,0,0,39,0
2021-06-07,Bangladesh,14,0,0,152,0
2021-06-08,Afghanistan,0,0,0,37,0
2021-06-08,Algeria,2,0,0,39,0
2021-06-08,Bangladesh,14,0,0,152,0
2021-06-09,Afghanistan,0,0,0,37,0
2021-06-09,Algeria,2,0,0,39,0
2021-06-09,Bangladesh,14,0,0,152,0
2021-06-10,Afghanistan,0,0,0,37,0
2021-06-10,Algeria,2,0,0,39,0
2021-06-10,Bangladesh,14,0,0,152,0
2021-06-11,Afghanistan,0,0,0,37,0
2021-06-11,Algeria,2,0,0,39,0
2021-06-11,Bangladesh,14,0,0,152,0
2021-06-12,Afghanistan,0,0,0,37,0
2021-06-12,Algeria,2,0,0,39,0
2021-06-12,Bangladesh,14,0,0,152,0
2021-06-13,Afghanistan,0,0,0,37,0
2021-06-13,Algeria,2,0,0,39,0
2021-06-13,Bangladesh,14,0,0,152,0
2021-06-14,Afghanistan,0,0,0,37,0
2021-06-14,Algeria,2,0,0,39,0
2021-06-14,Bangladesh,14,0,0,152,0
2021-06-15,Afghanistan,0,0,0,37,0
2021-06-15,Algeria,2,0,0,39,0
2021-06-15,Bangladesh,14,0,0,152,0
2021-06-16,Afghanistan,0,0,0,37,0
2021-06-16,Algeria,2,0,0,39,0
2021-06-16,Bangladesh,14,0,0,152,0
2021-06-17,Afghanistan,0,0,0,37,0
2021-06-17,Algeria,2,0,0,39,0
2021-06-17,Bangladesh,14,0,0,152,0
2021-06-18,Afghanistan,0,0,0,37,0
2021-06-18,Algeria,2,0,0,39,0
2021-06-18,Bangladesh,14,0,0,152,0
2021-06-19,Afghanistan,0,0,0,37,0
2021-06-19,Algeria,2,0,0,39,0
2021-06-19,Bangladesh,14,0,0,152,0
2021-06-20,Afghanistan,0,0,0,37,0
2021-06-20,Algeria,2,0,0,39,0
2021-06-20,Bangladesh,14,0,0,152,0
2021-06-21,Afghanistan,0,0,0,37,0
2021-06-21,Algeria,2,0,0,39,0
2021-06-21,Bangladesh,14,0,0,152,0
2021-06-22,Afghanistan,0,0,0,37,0
2021-06-22,Algeria,2,0,0,39,0
2021-06-22,Bangladesh,14,0,0,152,0
2021-06-23,Afghanistan,0,0,0,37,0
2021-06-23,Algeria,2,0,0,39,0
2021-06-23,Bangladesh,14,0,0,152,0
2021-06-24,Afghanistan,0,0,0,37,0
2021-06-24,Algeria,2,0,0,39,0
2021-06-24,Bangladesh,14,0,0,152,0
2021-06-25,Afghanistan,0,0,0,37,0
2021-06-25,Algeria,2,0,0,39,0
2021-06-25,Bangladesh,14,0,0,152,0
2021-06-26,Afghanistan,0,0,0,37,0
2021-06-26,Algeria,2,0,0,39,0
2021-06-26,Bangladesh,14,0,0,152,0
2021-06-27,Afghanistan,0,0,0,37,0
2021-06-27,Algeria,2,0,0,39,0
2021-06-27,Bangladesh,14,0,0,152,0
2021-06-28,Afghanistan,0,0,0,37,0
2021-06-28,Algeria,2,0,0,39,0
2021-06-28,Bangladesh,14,0,0,152,0
2021-06-29,Afghanistan,0,0,0,37,0
2021-06-29,Algeria,2,0,0,39,0
2021-06-29,Bangladesh,14,0,0,152,0
2021-06-30,Afghanistan,0,0,0,37,0
2021-06-30,Algeria,2,0,0,39,0
2021-06-30,Bangladesh,14,0,0,152,0
2021-07-01,Afghanistan,0,0,0,37,0
2021-07-01,Algeria,2,0,0,39,0
2021-07-01,Bangladesh,14,0,0,152,0
2021-07-02,Afghanistan,0,0,0,37,0
2021-07-02,Algeria,2,0,0,39,0
2021-07-02,Bangladesh,14,0,0,152,0
2021-07-03,Afghanistan,0,0,0,37,0
2021-07-03,Algeria,2,0,0,39,0
2021-07-03,Bangladesh,14,0,0,152,0
2021-07-04,Afghanistan,0,0,0,37,0
2021-07-04,Algeria,2,0,0,39,0
2021-07-04,Bangladesh,14,0,0,152,0
2021-07-05,Afghanistan,0,0,0,37,0
2021-07-05,Algeria,2,0,0,39,0
2021-07-05,Bangladesh,14,0,0,152,0
2021-07-06,Afghanistan,0,0,0,37,0
2021-07-06,Algeria,2,0,0,39,0
2021-07-06,Bangladesh,14,0,0,152,0
2021-07-07,Afghanistan,0,0,0,37,0
2021-07-07,Algeria,2,0,0,39,0
2021-07-07,Bangladesh,14,0,0,152,0
2021-07-08,Afghanistan,0,0,0,37,0
2021-07-08,Algeria,2,0,0,39,0
2021-07-08,Bangladesh,14,0,0,152,0
2021-07-09,Afghanistan,0,0,0,37,0
2021-07-09,Algeria,2,0,0,39,0
2021-07-09,Bangladesh,14,0,0,152,0
2021-07-10,Afghanistan,0,0,0,37,0
2021-07-10,Algeria,2,0,0,39,0
2021-07-10,Bangladesh,14,0,0,152,0
2021-07-11,Afghanistan,0,0,0,37,0
2021-07-11,Algeria,2,0,0,39,0
2021-07-11,Bangladesh,14,0,0,152,0
2021-07-12,Afghanistan,0,0,0,37,0
2021-07-12,Algeria,2,0,0,39,0
2021-07-12,Bangladesh,14,0,0,152,0
2021-07-13,Afghanistan,0,0,0,37,0
2021-07-13,Algeria,2,0,0,39,0
2021-07-13,Bangladesh,14,0,0,152,0
2021-07-14,Afghanistan,0,0,0,37,0
2021-07-14,Algeria,2,0,0,39,0
2021-07-14,Bangladesh,14,0,0,152,0
2021-07-15,Afghanistan,0,0,0,37,0
2021-07-15,Algeria,2,0,0,39,0
2021-07-15,Bangladesh,14,0,0,152,0
2021-07-16,Afghanistan,0,0,0,37,0
2021-07-16,Algeria,2,0,0,39,0
2021-07-16,Bangladesh,14,0,0,152,0
2021-07-17,Afghanistan,0,0,0,37,0
2021-07-17,Algeria,2,0,0,39,0
2021-07-17,Bangladesh,14,0,0,152,0
2021-07-18,Afghanistan,0,0,0,37,0
2021-07-18,Algeria,2,0,0,39,0
2021-07-18,Bangladesh,14,0,0,152,0
2021-07-19,Afghanistan,0,0,0,37,0
2021-07-19,Algeria,2,0,0,39,0
2021-07-19,Bangladesh,14,0,0,152,0
2021-07-20,Afghanistan,0,0,0,37,0
2021-07-20,Algeria,2,0,0,39,0
2021-07-20,Bangladesh,14,0,0,152,0
2021-07-21,Afghanistan,0,0,0,37,0
2021-07-21,Algeria,2,0,0,39,0
2021-07-21,Bangladesh,14,0,0,152,0
2021-07-22,Afghanistan,0,0,0,37,0
2021-07-22,Algeria,2,0,0,39,0
2021-07-22,Bangladesh,14,0,0,152,0
2021-07-23,Afghanistan,0,0,0,37,0
2021-07-23,Algeria,2,0,0,39,0
2021-07-23,Bangladesh,14,0,0,152,0
2021-07-24,Afghanistan,0,0,0,37,0
2021-07-24,Algeria,2,0,0,39,0
2021-07-24,Bangladesh,14,0,0,152,0
2021-07-25,Afghanistan,0,0,0,37,0
2021-07-25,Algeria,2,0,0,39,0
2021-07-25,Bangladesh,14,0,0,152,0
2021-07-26,Afghanistan,0,0,0,37,0
2021-07-26,Algeria,2,0,0,39,0
2021-07-26,Bangladesh,14,0,0,152,0
2021-07-27,Afghanistan,0,0,0,37,0
2021-07-27,Algeria,2,0,0,39,0
2021-07-27,Bangladesh,14,0,0,152,0
2021-07-28,Afghanistan,0,0,0,37,0
2021-07-28,Algeria,2,0,0,39,0
2021-07-28,Bangladesh,14,0,0,152,0
2021-07-29,Afghanistan,0,0,0,37,0
2021-07-29,Algeria,2,0,0,39,0
2021-07-29,Bangladesh,14,0,0,152,0
2021-07-30,Afghanistan,0,0,0,37,0
2021-07-30,Algeria,2,0,0,39,0
2021-07-30,Bangladesh,14,0,0,152,0
2021-07-31,Afghanistan,0,0,0,37,0
2021-07-31,Algeria,2,0,0,39,0
2021-07-31,Bangladesh,14,0,0,152,0
2021-08-01,Afghanistan,0,0,0,37,0
2021-08-01,Algeria,2,0,0,39,0
2021-08-01,Bangladesh,14,0,0,152,0
2021-08-02,Afghanistan,0,0,0,37,0
2021-08-02,Algeria,2,0,0,39,0
2021-08-02,Bangladesh,14,0,0,152,0
2021-08-03,Afghanistan,0,0,0,37,0
2021-08-03,Algeria,2,0,0,39,0
2021-08-03,Bangladesh,14,0,0,152,0
2021-08-04,Afghanistan,0,5,0,32,0
2021-08-04,Algeria,2,3,0,36,0
2021-08-04,Bangladesh,14,27,0,125,0
2021-08-05,Afghanistan,0,8,0,29,0
2021-08-05,Algeria,2,5,1,33,0
2021-08-05,Bangladesh,14,29,14,109,0
2021-08-06,Afghanistan,0,8,4,25,0
2021-08-06,Algeria,2,8,3,28,0
2021-08-06,Bangladesh,14,29,19,104,0
2021-08-07,Afghanistan,0,8,6,23,0
2021-08-07,Algeria,2,7,6,26,0
2021-08-07,Bangladesh,14,31,27,94,0
2021-08-08,Afghanistan,0,9,6,22,0
2021-08-08,Algeria,2,4,9,26,0
2021-08-08,Bangladesh,14,33,32,87,0
2021-08-09,Afghanistan,0,7,10,20,0
2021-08-09,Algeria,2,6,8,25,0
2021-08-09,Bangladesh,14,34,22,91,5
2021-08-10,Afghanistan,0,6,7,21,3
2021-08-10,Algeria,2,5,8,25,1
2021-08-10,Bangladesh,14,28,26,89,9
2021-08-11,Afghanistan,0,5,6,22,4
2021-08-11,Algeria,2,4,8,23,4
2021-08-11,Bangladesh,14,24,25,91,12
2021-08-12,Afghanistan,0,5,8,20,4
2021-08-12,Algeria,2,4,5,24,6
2021-08-12,Bangladesh,14,19,26,92,15
2021-08-13,Afghanistan,0,4,5,21,7
2021-08-13,Algeria,2,2,7,24,6
2021-08-13,Bangladesh,14,16,25,93,18
2021-08-14,Afghanistan,0,3,6,21,7
2021-08-14,Algeria,2,2,6,25,6
2021-08-14,Bangladesh,14,11,22,96,23
2021-08-15,Afghanistan,0,3,5,21,8
2021-08-15,Algeria,2,2,3,27,7
2021-08-15,Bangladesh,14,7,19,99,27
2021-08-16,Afghanistan,0,3,3,22,9
2021-08-16,Algeria,2,2,3,27,7
2021-08-16,Bangladesh,14,6,14,103,29
2021-08-17,Afghanistan,0,3,3,21,10
2021-08-17,Algeria,2,2,2,27,8
2021-08-17,Bangladesh,14,7,11,102,32
2021-08-18,Afghanistan,0,2,3,21,11
2021-08-18,Algeria,2,3,2,26,8
2021-08-18,Bangladesh,14,28,7,81,36
2021-08-19,Afghanistan,0,5,3,18,11
2021-08-19,Algeria,2,4,3,24,8
2021-08-19,Bangladesh,14,36,7,71,38
2021-08-20,Afghanistan,0,7,4,15,11
2021-08-20,Algeria,2,6,4,21,8
2021-08-20,Bangladesh,14,30,17,66,39
2021-08-21,Afghanistan,0,6,4,15,12
2021-08-21,Algeria,2,7,5,18,9
2021-08-21,Bangladesh,14,32,26,55,39
2021-08-22,Afghanistan,0,7,3,14,13
2021-08-22,Algeria,2,9,6,14,10
2021-08-22,Bangladesh,14,26,32,55,39
2021-08-23,Afghanistan,0,8,4,12,13
2021-08-23,Algeria,2,8,6,14,11
2021-08-23,Bangladesh,14,25,33,57,37
2021-08-24,Afghanistan,0,8,3,16,10
2021-08-24,Algeria,3,5,9,13,11
2021-08-24,Bangladesh,14,23,24,67,38
2021-08-25,Afghanistan,0,8,3,17,9
2021-08-25,Algeria,3,4,8,18,8
2021-08-25,Bangladesh,14,24,18,72,38
2021-08-26,Afghanistan,0,6,4,18,9
2021-08-26,Algeria,3,5,7,19,7
2021-08-26,Bangladesh,15,21,14,76,40
2021-08-27,Afghanistan,1,5,4,20,7
2021-08-27,Algeria,3,5,6,20,7
2021-08-27,Bangladesh,15,22,10,80,39
2021-08-28,Afghanistan,1,6,4,19,7
2021-08-28,Algeria,3,5,3,21,9
2021-08-28,Bangladesh,16,16,14,84,36
2021-08-29,Afghanistan,1,5,4,20,7
2021-08-29,Algeria,3,4,3,22,9
2021-08-29,Bangladesh,17,15,13,87,34
2021-08-30,Afghanistan,1,4,3,21,8
2021-08-30,Algeria,3,5,2,21,10
2021-08-30,Bangladesh,17,14,12,88,35
2021-08-31,Afghanistan,1,3,3,23,7
2021-08-31,Algeria,3,4,3,22,9
2021-08-31,Bangladesh,17,17,11,89,32
2021-09-01,Afghanistan,2,4,3,22,6
2021-09-01,Algeria,3,4,2,22,10
2021-09-01,Bangladesh,17,15,7,96,31
2021-09-02,Afghanistan,2,4,2,23,6
2021-09-02,Algeria,3,3,2,22,11
2021-09-02,Bangladesh,17,11,9,100,29
2021-09-03,Afghanistan,2,3,2,23,7
2021-09-03,Algeria,3,3,2,22,11
2021-09-03,Bangladesh,17,11,6,102,30
2021-09-04,Afghanistan,2,3,1,25,6
2021-09-04,Algeria,3,2,2,23,11
2021-09-04,Bangladesh,17,10,8,101,30
2021-09-05,Afghanistan,2,2,2,26,5
2021-09-05,Algeria,3,1,3,24,10
2021-09-05,Bangladesh,17,10,6,102,31
2021-09-06,Afghanistan,2,4,2,24,5
2021-09-06,Algeria,4,1,2,25,9
2021-09-06,Bangladesh,18,10,3,105,30
2021-09-07,Afghanistan,2,3,2,25,5
2021-09-07,Algeria,4,0,3,26,8
2021-09-07,Bangladesh,19,9,4,109,25
2021-09-08,Afghanistan,2,2,3,25,5
2021-09-08,Algeria,4,0,2,26,9
2021-09-08,Bangladesh,20,9,2,112,23
2021-09-09,Afghanistan,2,2,2,26,5
2021-09-09,Algeria,4,0,1,28,8
2021-09-09,Bangladesh,20,9,2,117,18
2021-09-10,Afghanistan,2,2,2,27,4
2021-09-10,Algeria,4,0,1,28,8
2021-09-10,Bangladesh,21,9,1,119,16
2021-09-11,Afghanistan,2,2,1,28,4
2021-09-11,Algeria,5,0,0,30,6
2021-09-11,Bangladesh,22,9,0,121,14
2021-09-12,Afghanistan,2,2,0,29,4
2021-09-12,Algeria,5,0,0,31,5
2021-09-12,Bangladesh,22,9,0,123,12
2021-09-13,Afghanistan,2,2,0,31,2
2021-09-13,Algeria,5,0,0,32,4
2021-09-13,Bangladesh,22,9,0,126,9
2021-09-14,Afghanistan,2,2,0,31,2
2021-09-14,Algeria,5,0,0,32,4
2021-09-14,Bangladesh,22,8,1,126,9
2021-09-15,Afghanistan,2,1,1,31,2
2021-09-15,Algeria,5,0,0,33,3
2021-09-15,Bangladesh,22,6,3,129,6
2021-09-16,Afghanistan,2,1,1,31,2
2021-09-16,Algeria,5,0,0,34,2
2021-09-16,Bangladesh,22,5,4,129,6
2021-09-17,Afghanistan,3,1,1,31,1
2021-09-17,Algeria,5,0,0,34,2
2021-09-17,Bangladesh,22,5,4,131,4
2021-09-18,Afghanistan,3,1,1,31,1
2021-09-18,Algeria,5,0,0,35,1
2021-09-18,Bangladesh,22,5,3,131,5
2021-09-19,Afghanistan,3,1,0,31,2
2021-09-19,Algeria,5,0,0,35,1
2021-09-19,Bangladesh,22,5,1,134,4
2021-09-20,Afghanistan,3,1,0,31,2
2021-09-20,Algeria,5,0,0,35,1
2021-09-20,Bangladesh,22,5,0,136,3
2021-09-21,Afghanistan,3,1,0,31,2
2021-09-21,Algeria,5,0,0,35,1
2021-09-21,Bangladesh,22,6,0,135,3
2021-09-22,Afghanistan,3,1,0,31,2
2021-09-22,Algeria,5,0,0,36,0
2021-09-22,Bangladesh,22,6,0,136,2
2021-09-23,Afghanistan,3,1,0,31,2
2021-09-23,Algeria,5,0,0,36,0
2021-09-23,Bangladesh,22,4,2,136,2
2021-09-24,Afghanistan,3,1,0,31,2
2021-09-24,Algeria,5,0,0,36,0
2021-09-24,Bangladesh,22,4,2,136,2
2021-09-25,Afghanistan,3,1,0,31,2
2021-09-25,Algeria,5,0,0,36,0
2021-09-25,Bangladesh,22,4,2,136,2
2021-09-26,Afghanistan,3,1,0,32,1
2021-09-26,Algeria,5,0,0,36,0
2021-09-26,Bangladesh,22,4,2,136,2
2021-09-27,Afghanistan,3,1,0,32,1
2021-09-27,Algeria,5,0,0,36,0
2021-09-27,Bangladesh,22,4,0,136,4
2021-09-28,Afghanistan,3,1,0,32,1
2021-09-28,Algeria,5,0,0,36,0
2021-09-28,Bangladesh,22,4,0,136,4
2021-09-29,Afghanistan,3,1,0,32,1
2021-09-29,Algeria,5,0,0,36,0
2021-09-29,Bangladesh,22,3,1,136,4
2021-09-30,Afghanistan,3,1,0,32,1
2021-09-30,Algeria,5,0,0,36,0
2021-09-30,Bangladesh,22,3,1,136,4
2021-10-01,Afghanistan,3,1,0,32,1
2021-10-01,Algeria,5,0,0,36,0
2021-10-01,Bangladesh,22,2,2,136,4
2021-10-02,Afghanistan,3,1,0,32,1
2021-10-02,Algeria,5,0,0,36,0
2021-10-02,Bangladesh,22,2,2,137,3
2021-10-03,Afghanistan,3,1,0,33,0
2021-10-03,Algeria,5,0,0,36,0
2021-10-03,Bangladesh,22,2,1,138,3
2021-10-04,Afghanistan,3,1,0,33,0
2021-10-04,Algeria,5,0,0,36,0
2021-10-04,Bangladesh,22,2,1,139,2
2021-10-05,Afghanistan,3,1,0,33,0
2021-10-05,Algeria,5,0,0,36,0
2021-10-05,Bangladesh,22,2,0,140,2
2021-10-06,Afghanistan,3,1,0,33,0
2021-10-06,Algeria,5,0,0,36,0
2021-10-06,Bangladesh,22,2,0,140,2
2021-10-07,Afghanistan,3,1,0,33,0
2021-10-07,Algeria,5,0,0,36,0
2021-10-07,Bangladesh,22,2,0,140,2
2021-10-08,Afghanistan,3,1,0,33,0
2021-10-08,Algeria,5,0,0,36,0
2021-10-08,Bangladesh,22,2,0,140,2
2021-10-09,Afghanistan,3,0,1,33,0
2021-10-09,Algeria,5,0,0,36,0
2021-10-09,Bangladesh,22,2,0,140,2
2021-10-10,Afghanistan,3,0,1,33,0
2021-10-10,Algeria,5,0,0,36,0
2021-10-10,Bangladesh,22,1,1,140,2
2021-10-11,Afghanistan,3,0,1,33,0
2021-10-11,Algeria,5,0,0,36,0
2021-10-11,Bangladesh,22,1,1,142,0
2021-10-12,Afghanistan,3,0,1,33,0
2021-10-12,Algeria,5,0,0,36,0
2021-10-12,Bangladesh,22,0,2,142,0
2021-10-13,Afghanistan,3,0,0,34,0
2021-10-13,Algeria,5,0,0,36,0
2021-10-13,Bangladesh,22,0,2,142,0
2021-10-14,Afghanistan,3,0,0,34,0
2021-10-14,Algeria,5,0,0,36,0
2021-10-14,Bangladesh,22,0,1,142,1
2021-10-15,Afghanistan,3,0,0,34,0
2021-10-15,Algeria,5,0,0,36,0
2021-10-15,Bangladesh,22,0,1,142,1
2021-10-16,Afghanistan,3,0,0,34,0
2021-10-16,Algeria,5,0,0,36,0
2021-10-16,Bangladesh,22,0,0,143,1
2021-10-17,Afghanistan,3,0,0,34,0
2021-10-17,Algeria,5,0,0,36,0
2021-10-17,Bangladesh,22,0,0,143,1
2021-10-18,Afghanistan,3,0,0,34,0
2021-10-18,Algeria,5,0,0,36,0
2021-10-18,Bangladesh,22,0,0,143,1
2021-10-19,Afghanistan,3,0,0,34,0
2021-10-19,Algeria,5,0,0,36,0
2021-10-19,Bangladesh,22,0,0,143,1
2021-10-20,Afghanistan,3,0,0,34,0
2021-10-20,Algeria,5,0,0,36,0
2021-10-20,Bangladesh,22,0,0,143,1
2021-10-21,Afghanistan,3,0,0,34,0
2021-10-21,Algeria,5,0,0,36,0
2021-10-21,Bangladesh,22,0,0,143,1
2021-10-22,Afghanistan,3,0,0,34,0
2021-10-22,Algeria,5,0,0,36,0
2021-10-22,Bangladesh,22,0,0,143,1
2021-10-23,Afghanistan,3,0,0,34,0
2021-10-23,Algeria,5,0,0,36,0
2021-10-23,Bangladesh,22,0,0,143,1
2021-10-24,Afghanistan,3,0,0,34,0
2021-10-24,Algeria,5,0,0,36,0
2021-10-24,Bangladesh,22,0,0,143,1
2021-10-25,Afghanistan,3,0,0,34,0
2021-10-25,Algeria,5,0,0,36,0
2021-10-25,Bangladesh,22,0,0,143,1
2021-10-26,Afghanistan,3,0,0,34,0
2021-10-26,Algeria,5,0,0,36,0
2021-10-26,Bangladesh,22,0,0,143,1
2021-10-27,Afghanistan,3,0,0,34,0
2021-10-27,Algeria,5,0,0,36,0
2021-10-27,Bangladesh,22,0,0,143,1
2021-10-28,Afghanistan,3,0,0,34,0
2021-10-28,Algeria,5,0,0,36,0
2021-10-28,Bangladesh,22,0,0,144,0
2021-10-29,Afghanistan,3,0,0,34,0
2021-10-29,Algeria,5,0,0,36,0
2021-10-29,Bangladesh,22,0,0,144,0
2021-10-30,Afghanistan,3,0,0,34,0
2021-10-30,Algeria,5,0,0,36,0
2021-10-30,Bangladesh,22,0,0,144,0
2021-10-31,Afghanistan,3,0,0,34,0
2021-10-31,Algeria,5,0,0,36,0
2021-10-31,Bangladesh,22,0,0,144,0
2021-11-01,Afghanistan,3,0,0,34,0
2021-11-01,Algeria,5,0,0,36,0
2021-11-01,Bangladesh,22,0,0,144,0
2021-11-02,Afghanistan,3,0,0,34,0
2021-11-02,Algeria,5,0,0,36,0
2021-11-02,Bangladesh,22,0,0,144,0
2021-11-03,Afghanistan,3,0,0,34,0
2021-11-03,Algeria,5,0,0,36,0
2021-11-03,Bangladesh,22,0,0,144,0
2021-11-04,Afghanistan,3,0,0,34,0
2021-11-04,Algeria,5,0,0,36,0
2021-11-04,Bangladesh,22,0,0,144,0
2021-11-05,Afghanistan,3,0,0,34,0
2021-11-05,Algeria,5,0,0,36,0
2021-11-05,Bangladesh,22,0,0,144,0
2021-11-06,Afghanistan,3,0,0,34,0
2021-11-06,Algeria,5,0,0,36,0
2021-11-06,Bangladesh,22,0,0,144,0
2021-11-07,Afghanistan,3,0,0,34,0
2021-11-07,Algeria,5,0,0,36,0
2021-11-07,Bangladesh,22,0,0,144,0
2021-11-08,Afghanistan,3,0,0,34,0
2021-11-08,Algeria,5,0,0,36,0
2021-11-08,Bangladesh,22,0,0,144,0
2021-11-09,Afghanistan,3,0,0,34,0
2021-11-09,Algeria,5,0,0,36,0
2021-11-09,Bangladesh,22,0,0,144,0
2021-11-10,Afghanistan,3,0,0,34,0
2021-11-10,Algeria,5,0,0,36,0
2021-11-10,Bangladesh,22,0,0,144,0
2021-11-11,Afghanistan,3,0,0,34,0
2021-11-11,Algeria,5,0,0,36,0
2021-11-11,Bangladesh,22,0,0,144,0
2021-11-12,Afghanistan,3,0,0,34,0
2021-11-12,Algeria,5,0,0,36,0
2021-11-12,Bangladesh,22,0,0,144,0
2021-11-13,Afghanistan,3,0,0,34,0
2021-11-13,Algeria,5,0,0,36,0
2021-11-13,Bangladesh,22,0,0,144,0
2021-11-14,Afghanistan,3,0,0,34,0
2021-11-14,Algeria,5,0,0,36,0
2021-11-14,Bangladesh,22,0,0,144,0
2021-11-15,Afghanistan,3,0,0,34,0
2021-11-15,Algeria,5,0,0,36,0
2021-11-15,Bangladesh,22,0,0,144,0
2021-11-16,Afghanistan,3,0,0,34,0
2021-11-16,Algeria,5,0,0,36,0
2021-11-16,Bangladesh,22,0,0,144,0
2021-11-17,Afghanistan,3,0,0,34,0
2021-11-17,Algeria,5,0,0,36,0
2021-11-17,Bangladesh,22,0,0,144,0
2021-11-18,Afghanistan,3,0,0,34,0
2021-11-18,Algeria,5,0,0,36,0
2021-11-18,Bangladesh,22,0,0,144,0
2021-11-19,Afghanistan,3,0,0,34,0
2021-11-19,Algeria,5,0,0,36,0
2021-11-19,Bangladesh,22,0,0,144,0
2021-11-20,Afghanistan,3,0,0,34,0
2021-11-20,Algeria,5,0,0,36,0
2021-11-20,Bangladesh,22,0,0,144,0
2021-11-21,Afghanistan,3,0,0,34,0
2021-11-21,Algeria,5,0,0,36,0
2021-11-21,Bangladesh,22,0,0,144,0
2021-11-22,Afghanistan,3,0,0,34,0
2021-11-22,Algeria,5,0,0,36,0
2021-11-22,Bangladesh,22,0,0,144,0
2021-11-23,Afghanistan,3,0,0,34,0
2021-11-23,Algeria,5,0,0,36,0
2021-11-23,Bangladesh,22,0,0,144,0
2021-11-24,Afghanistan,3,0,0,34,0
2021-11-24,Algeria,5,0,0,36,0
2021-11-24,Bangladesh,22,0,0,144,0
2021-11-25,Afghanistan,3,0,0,34,0
2021-11-25,Algeria,5,0,0,36,0
2021-11-25,Bangladesh,22,0,0,144,0
2021-11-26,Afghanistan,3,0,0,34,0
2021-11-26,Algeria,5,0,0,36,0
2021-11-26,Bangladesh,22,0,0,144,0
2021-11-27,Afghanistan,3,0,0,34,0
2021-11-27,Algeria,5,0,0,36,0
2021-11-27,Bangladesh,22,0,0,144,0
2021-11-28,Afghanistan,3,0,0,34,0
2021-11-28,Algeria,5,0,0,36,0
2021-11-28,Bangladesh,22,0,0,144,0
2021-11-29,Afghanistan,3,0,0,34,0
2021-11-29,Algeria,5,0,0,36,0
2021-11-29,Bangladesh,22,0,0,144,0
2021-11-30,Afghanistan,3,0,0,34,0
2021-11-30,Algeria,5,0,0,36,0
2021-11-30,Bangladesh,22,0,0,144,0
2021-12-01,Afghanistan,3,0,0,34,0
2021-12-01,Algeria,5,0,0,36,0
2021-12-01,Bangladesh,22,0,0,144,0
2021-12-02,Afghanistan,3,0,0,34,0
2021-12-02,Algeria,5,0,0,36,0
2021-12-02,Bangladesh,22,0,0,144,0
2021-12-03,Afghanistan,3,0,0,34,0
2021-12-03,Algeria,5,0,0,36,0
2021-12-03,Bangladesh,22,0,0,144,0
2021-12-04,Afghanistan,3,0,0,34,0
2021-12-04,Algeria,5,0,0,36,0
2021-12-04,Bangladesh,22,0,0,144,0
2021-12-05,Afghanistan,3,0,0,34,0
2021-12-05,Algeria,5,0,0,36,0
2021-12-05,Bangladesh,22,0,0,144,0
2021-12-06,Afghanistan,3,0,0,34,0
2021-12-06,Algeria,5,0,0,36,0
2021-12-06,Bangladesh,22,0,0,144,0
2021-12-07,Afghanistan,3,0,0,34,0
2021-12-07,Algeria,5,1,0,35,0
2021-12-07,Bangladesh,22,9,0,135,0
2021-12-08,Afghanistan,3,1,0,33,0
2021-12-08,Algeria,5,1,1,34,0
2021-12-08,Bangladesh,22,7,3,134,0
2021-12-09,Afghanistan,3,1,1,32,0
2021-12-09,Algeria,5,0,2,34,0
2021-12-09,Bangladesh,22,9,6,129,0
2021-12-10,Afghanistan,3,0,2,32,0
2021-12-10,Algeria,5,1,2,33,0
2021-12-10,Bangladesh,22,7,10,127,0
2021-12-11,Afghanistan,3,1,2,31,0
2021-12-11,Algeria,5,1,2,33,0
2021-12-11,Bangladesh,22,6,12,126,0
2021-12-12,Afghanistan,3,1,3,30,0
2021-12-12,Algeria,5,3,1,31,1
2021-12-12,Bangladesh,22,9,10,124,1
2021-12-13,Afghanistan,3,1,2,31,0
2021-12-13,Algeria,5,4,1,30,1
2021-12-13,Bangladesh,22,10,9,122,3
2021-12-14,Afghanistan,3,2,1,31,0
2021-12-14,Algeria,5,3,2,30,1
2021-12-14,Bangladesh,22,12,7,120,5
2021-12-15,Afghanistan,3,2,1,31,0
2021-12-15,Algeria,5,4,2,29,1
2021-12-15,Bangladesh,22,11,6,121,6
2021-12-16,Afghanistan,3,3,0,31,0
2021-12-16,Algeria,5,5,2,28,1
2021-12-16,Bangladesh,22,9,9,119,7
2021-12-17,Afghanistan,3,0,3,31,0
2021-12-17,Algeria,5,4,2,28,2
2021-12-17,Bangladesh,22,7,11,119,7
2021-12-18,Afghanistan,3,0,3,31,0
2021-12-18,Algeria,5,2,3,29,2
2021-12-18,Bangladesh,22,7,9,121,7
2021-12-19,Afghanistan,3,0,3,31,0
2021-12-19,Algeria,5,2,3,29,2
2021-12-19,Bangladesh,22,6,9,121,8
2021-12-20,Afghanistan,3,1,3,30,0
2021-12-20,Algeria,5,2,3,29,2
2021-12-20,Bangladesh,22,7,6,122,9
2021-12-21,Afghanistan,3,1,0,32,1
2021-12-21,Algeria,5,2,2,29,3
2021-12-21,Bangladesh,22,11,4,118,11
2021-12-22,Afghanistan,3,5,0,28,1
2021-12-22,Algeria,5,2,0,31,3
2021-12-22,Bangladesh,22,18,7,108,11
2021-12-23,Afghanistan,3,5,2,26,1
2021-12-23,Algeria,5,7,0,26,3
2021-12-23,Bangladesh,22,24,9,100,11
2021-12-24,Afghanistan,3,6,2,25,1
2021-12-24,Algeria,5,10,0,23,3
2021-12-24,Bangladesh,22,25,12,95,12
2021-12-25,Afghanistan,3,7,3,23,1
2021-12-25,Algeria,5,9,2,22,3
2021-12-25,Bangladesh,22,28,13,90,13
2021-12-26,Afghanistan,3,5,5,23,1
2021-12-26,Algeria,5,7,6,21,2
2021-12-26,Bangladesh,22,28,14,87,15
2021-12-27,Afghanistan,3,5,4,24,1
2021-12-27,Algeria,5,6,8,20,2
2021-12-27,Bangladesh,23,27,16,86,14
2021-12-28,Afghanistan,3,6,4,23,1
2021-12-28,Algeria,5,3,11,20,2
2021-12-28,Bangladesh,23,24,18,86,15
2021-12-29,Afghanistan,3,5,6,22,1
2021-12-29,Algeria,5,3,10,19,4
2021-12-29,Bangladesh,23,21,22,85,15
2021-12-30,Afghanistan,3,4,5,23,2
2021-12-30,Algeria,5,3,6,20,7
2021-12-30,Bangladesh,24,22,24,80,16
2021-12-31,Afghanistan,3,4,5,23,2
2021-12-31,Algeria,6,3,4,21,7
2021-12-31,Bangladesh,24,21,24,79,18
2022-01-01,Afghanistan,3,2,7,23,2
2022-01-01,Algeria,6,2,2,23,8
2022-01-01,Bangladesh,24,19,22,77,24
2022-01-02,Afghanistan,3,4,4,22,4
2022-01-02,Algeria,6,3,1,22,9
2022-01-02,Bangladesh,24,15,19,81,27
2022-01-03,Afghanistan,3,4,4,22,4
2022-01-03,Algeria,6,3,2,21,9
2022-01-03,Bangladesh,24,15,14,83,30
2022-01-04,Afghanistan,4,3,4,22,4
2022-01-04,Algeria,6,4,2,21,8
2022-01-04,Bangladesh,25,19,9,82,31
2022-01-05,Afghanistan,4,2,4,22,5
2022-01-05,Algeria,6,5,1,21,8
2022-01-05,Bangladesh,25,20,8,80,33
2022-01-06,Afghanistan,4,2,4,22,5
2022-01-06,Algeria,6,4,2,21,8
2022-01-06,Bangladesh,25,20,7,80,34
2022-01-07,Afghanistan,4,3,3,21,6
2022-01-07,Algeria,6,5,2,20,8
2022-01-07,Bangladesh,25,24,7,76,34
2022-01-08,Afghanistan,4,3,3,20,7
2022-01-08,Algeria,6,5,2,20,8
2022-01-08,Bangladesh,25,21,12,75,33
2022-01-09,Afghanistan,4,4,1,21,7
2022-01-09,Algeria,6,6,3,18,8
2022-01-09,Bangladesh,25,21,11,77,32
2022-01-10,Afghanistan,4,5,1,20,7
2022-01-10,Algeria,6,6,3,18,8
2022-01-10,Bangladesh,25,18,13,78,32
2022-01-11,Afghanistan,4,6,2,18,7
2022-01-11,Algeria,6,5,4,18,8
2022-01-11,Bangladesh,26,21,12,77,30
2022-01-12,Afghanistan,4,3,4,18,8
2022-01-12,Algeria,6,5,4,20,6
2022-01-12,Bangladesh,26,18,10,81,31
2022-01-13,Afghanistan,5,3,4,18,7
2022-01-13,Algeria,7,4,5,21,4
2022-01-13,Bangladesh,26,18,11,80,31
2022-01-14,Afghanistan,5,3,4,18,7
2022-01-14,Algeria,7,4,5,21,4
2022-01-14,Bangladesh,26,14,10,84,32
2022-01-15,Afghanistan,5,3,3,18,8
2022-01-15,Algeria,7,3,4,22,5
2022-01-15,Bangladesh,27,14,12,87,26
2022-01-16,Afghanistan,5,3,0,22,7
2022-01-16,Algeria,8,4,4,21,4
2022-01-16,Bangladesh,28,12,11,92,23
2022-01-17,Afghanistan,5,2,1,22,7
2022-01-17,Algeria,8,4,2,22,5
2022-01-17,Bangladesh,30,14,9,93,20
2022-01-18,Afghanistan,5,2,1,23,6
2022-01-18,Algeria,8,4,1,22,6
2022-01-18,Bangladesh,31,14,7,94,20
2022-01-19,Afghanistan,5,1,2,24,5
2022-01-19,Algeria,8,3,1,23,6
2022-01-19,Bangladesh,31,13,6,97,19
2022-01-20,Afghanistan,5,1,2,24,5
2022-01-20,Algeria,8,4,1,22,6
2022-01-20,Bangladesh,31,9,9,98,19
2022-01-21,Afghanistan,5,1,1,26,4
2022-01-21,Algeria,8,4,1,22,6
2022-01-21,Bangladesh,31,7,10,99,19
2022-01-22,Afghanistan,5,1,1,27,3
2022-01-22,Algeria,8,4,1,22,6
2022-01-22,Bangladesh,31,7,8,99,21
2022-01-23,Afghanistan,5,1,0,27,4
2022-01-23,Algeria,8,4,0,23,6
2022-01-23,Bangladesh,32,7,7,101,19
2022-01-24,Afghanistan,5,2,0,26,4
2022-01-24,Algeria,8,4,0,23,6
2022-01-24,Bangladesh,32,6,3,105,20
2022-01-25,Afghanistan,5,2,0,26,4
2022-01-25,Algeria,8,3,1,23,6
2022-01-25,Bangladesh,32,6,1,106,21
2022-01-26,Afghanistan,6,2,0,26,3
2022-01-26,Algeria,8,2,2,23,6
2022-01-26,Bangladesh,32,6,1,108,19
2022-01-27,Afghanistan,6,2,0,26,3
2022-01-27,Algeria,8,2,2,24,5
2022-01-27,Bangladesh,32,6,1,110,17
2022-01-28,Afghanistan,6,2,0,26,3
2022-01-28,Algeria,8,1,3,25,4
2022-01-28,Bangladesh,33,5,1,112,15
2022-01-29,Afghanistan,6,2,0,27,2
2022-01-29,Algeria,8,1,2,27,3
2022-01-29,Bangladesh,33,5,1,112,15
2022-01-30,Afghanistan,6,1,1,28,1
2022-01-30,Algeria,8,1,1,28,3
2022-01-30,Bangladesh,33,6,1,112,14
2022-01-31,Afghanistan,6,2,1,27,1
2022-01-31,Algeria,8,1,1,29,2
2022-01-31,Bangladesh,34,6,2,111,13
2022-02-01,Afghanistan,6,2,1,27,1
2022-02-01,Algeria,8,0,1,30,2
2022-02-01,Bangladesh,34,7,1,113,11
2022-02-02,Afghanistan,6,2,1,27,1
2022-02-02,Algeria,8,0,1,30,2
2022-02-02,Bangladesh,34,7,2,113,10
2022-02-03,Afghanistan,6,2,0,28,1
2022-02-03,Algeria,8,0,1,30,2
2022-02-03,Bangladesh,35,6,3,113,9
2022-02-04,Afghanistan,6,2,0,28,1
2022-02-04,Algeria,8,0,1,30,2
2022-02-04,Bangladesh,35,6,2,114,9
2022-02-05,Afghanistan,6,2,0,28,1
2022-02-05,Algeria,8,0,0,30,3
2022-02-05,Bangladesh,35,6,2,116,7
2022-02-06,Afghanistan,6,2,0,29,0
2022-02-06,Algeria,8,0,0,30,3
2022-02-06,Bangladesh,35,6,1,116,8
2022-02-07,Afghanistan,6,2,0,29,0
2022-02-07,Algeria,8,0,0,30,3
2022-02-07,Bangladesh,35,5,1,119,6
2022-02-08,Afghanistan,6,0,2,29,0
2022-02-08,Algeria,8,0,0,30,3
2022-02-08,Bangladesh,35,7,1,119,4
2022-02-09,Afghanistan,6,0,2,29,0
2022-02-09,Algeria,8,0,0,30,3
2022-02-09,Bangladesh,35,7,1,119,4
2022-02-10,Afghanistan,6,1,2,28,0
2022-02-10,Algeria,8,0,0,30,3
2022-02-10,Bangladesh,35,7,1,119,4
2022-02-11,Afghanistan,6,1,2,28,0
2022-02-11,Algeria,8,0,0,30,3
2022-02-11,Bangladesh,35,7,0,121,3
2022-02-12,Afghanistan,6,1,0,30,0
2022-02-12,Algeria,8,0,0,31,2
2022-02-12,Bangladesh,35,7,0,121,3
2022-02-13,Afghanistan,6,1,0,30,0
2022-02-13,Algeria,8,0,0,31,2
2022-02-13,Bangladesh,35,8,0,120,3
2022-02-14,Afghanistan,6,1,0,30,0
2022-02-14,Algeria,8,0,0,31,2
2022-02-14,Bangladesh,35,7,1,120,3
2022-02-15,Afghanistan,6,1,0,30,0
2022-02-15,Algeria,8,0,0,32,1
2022-02-15,Bangladesh,35,6,2,121,2
2022-02-16,Afghanistan,6,1,0,30,0
2022-02-16,Algeria,8,0,0,32,1
2022-02-16,Bangladesh,35,5,3,121,2
2022-02-17,Afghanistan,6,1,0,30,0
2022-02-17,Algeria,8,0,0,32,1
2022-02-17,Bangladesh,35,4,4,121,2
2022-02-18,Afghanistan,6,1,0,30,0
2022-02-18,Algeria,8,0,0,32,1
2022-02-18,Bangladesh,35,4,3,122,2
2022-02-19,Afghanistan,6,1,0,30,0
2022-02-19,Algeria,8,0,0,33,0
2022-02-19,Bangladesh,35,3,3,122,3
2022-02-20,Afghanistan,6,1,0,30,0
2022-02-20,Algeria,8,0,0,33,0
2022-02-20,Bangladesh,35,3,2,123,3
2022-02-21,Afghanistan,6,1,0,30,0
2022-02-21,Algeria,8,0,0,33,0
2022-02-21,Bangladesh,35,3,1,124,3
2022-02-22,Afghanistan,6,1,0,30,0
2022-02-22,Algeria,8,0,0,33,0
2022-02-22,Bangladesh,35,3,1,124,3
2022-02-23,Afghanistan,6,1,0,30,0
2022-02-23,Algeria,8,0,0,33,0
2022-02-23,Bangladesh,35,2,1,124,4
2022-02-24,Afghanistan,6,1,0,30,0
2022-02-24,Algeria,8,0,0,33,0
2022-02-24,Bangladesh,35,2,1,124,4
2022-02-25,Afghanistan,6,1,0,30,0
2022-02-25,Algeria,8,0,0,33,0
2022-02-25,Bangladesh,35,3,1,123,4
2022-02-26,Afghanistan,6,1,0,30,0
2022-02-26,Algeria,8,0,0,33,0
2022-02-26,Bangladesh,35,3,1,123,4
2022-02-27,Afghanistan,6,1,0,30,0
2022-02-27,Algeria,8,0,0,33,0
2022-02-27,Bangladesh,35,3,0,124,4
2022-02-28,Afghanistan,6,0,1,30,0
2022-02-28,Algeria,8,0,0,33,0
2022-02-28,Bangladesh,35,3,0,124,4
2022-03-01,Afghanistan,6,0,1,30,0
2022-03-01,Algeria,8,0,0,33,0
2022-03-01,Bangladesh,35,2,1,124,4
2022-03-02,Afghanistan,6,0,1,30,0
2022-03-02,Algeria,8,0,0,33,0
2022-03-02,Bangladesh,35,2,1,124,4
2022-03-03,Afghanistan,6,0,1,30,0
2022-03-03,Algeria,8,0,0,33,0
2022-03-03,Bangladesh,35,2,1,124,4
2022-03-04,Afghanistan,6,0,0,31,0
2022-03-04,Algeria,8,0,0,33,0
2022-03-04,Bangladesh,35,2,1,125,3
2022-03-05,Afghanistan,6,0,0,31,0
2022-03-05,Algeria,8,0,0,33,0
2022-03-05,Bangladesh,35,2,0,127,2
2022-03-06,Afghanistan,6,0,0,31,0
2022-03-06,Algeria,8,0,0,33,0
2022-03-06,Bangladesh,35,2,0,128,1
2022-03-07,Afghanistan,6,0,0,31,0
2022-03-07,Algeria,8,0,0,33,0
2022-03-07,Bangladesh,35,2,0,128,1
2022-03-08,Afghanistan,6,0,0,31,0
2022-03-08,Algeria,8,0,0,33,0
2022-03-08,Bangladesh,35,1,1,128,1
2022-03-09,Afghanistan,6,0,0,31,0
2022-03-09,Algeria,8,0,0,33,0
2022-03-09,Bangladesh,35,1,1,129,0
2022-03-10,Afghanistan,6,0,0,31,0
2022-03-10,Algeria,8,0,0,33,0
2022-03-10,Bangladesh,35,1,1,129,0
2022-03-11,Afghanistan,6,0,0,31,0
2022-03-11,Algeria,8,0,0,33,0
2022-03-11,Bangladesh,35,1,1,129,0
2022-03-12,Afghanistan,6,0,0,31,0
2022-03-12,Algeria,8,0,0,33,0
2022-03-12,Bangladesh,35,1,0,129,1
2022-03-13,Afghanistan,6,0,0,31,0
2022-03-13,Algeria,8,0,0,33,0
2022-03-13,Bangladesh,35,1,0,129,1
2022-03-14,Afghanistan,6,0,0,31,0
2022-03-14,Algeria,8,0,0,33,0
2022-03-14,Bangladesh,35,1,0,129,1
2022-03-15,Afghanistan,6,0,0,31,0
2022-03-15,Algeria,8,0,0,33,0
2022-03-15,Bangladesh,35,0,1,129,1
2022-03-16,Afghanistan,6,0,0,31,0
2022-03-16,Algeria,8,0,0,33,0
2022-03-16,Bangladesh,35,0,1,129,1
2022-03-17,Afghanistan,6,0,0,31,0
2022-03-17,Algeria,8,0,0,33,0
2022-03-17,Bangladesh,35,0,1,129,1
2022-03-18,Afghanistan,6,0,0,31,0
2022-03-18,Algeria,8,0,0,33,0
2022-03-18,Bangladesh,35,0,1,129,1
2022-03-19,Afghanistan,6,0,0,31,0
2022-03-19,Algeria,8,0,0,33,0
2022-03-19,Bangladesh,35,0,0,129,2
2022-03-20,Afghanistan,6,0,0,31,0
2022-03-20,Algeria,8,0,0,33,0
2022-03-20,Bangladesh,35,0,0,129,2
2022-03-21,Afghanistan,6,0,0,31,0
2022-03-21,Algeria,8,0,0,33,0
2022-03-21,Bangladesh,35,0,0,129,2
2022-03-22,Afghanistan,6,0,0,31,0
2022-03-22,Algeria,8,0,0,33,0
2022-03-22,Bangladesh,35,0,0,129,2
2022-03-23,Afghanistan,6,0,0,31,0
2022-03-23,Algeria,8,0,0,33,0
2022-03-23,Bangladesh,35,0,0,129,2
2022-03-24,Afghanistan,6,0,0,31,0
2022-03-24,Algeria,8,0,0,33,0
2022-03-24,Bangladesh,35,0,0,129,2
2022-03-25,Afghanistan,6,0,0,31,0
2022-03-25,Algeria,8,0,0,33,0
2022-03-25,Bangladesh,35,0,0,129,2
2022-03-26,Afghanistan,6,0,0,31,0
2022-03-26,Algeria,8,0,0,33,0
2022-03-26,Bangladesh,35,0,0,130,1
2022-03-27,Afghanistan,6,0,0,31,0
2022-03-27,Algeria,8,0,0,33,0
2022-03-27,Bangladesh,35,0,0,130,1
2022-03-28,Afghanistan,6,0,0,31,0
2022-03-28,Algeria,8,0,0,33,0
2022-03-28,Bangladesh,35,0,0,130,1
2022-03-29,Afghanistan,6,0,0,31,0
2022-03-29,Algeria,8,0,0,33,0
2022-03-29,Bangladesh,35,0,0,130,1
2022-03-30,Afghanistan,6,0,0,31,0
2022-03-30,Algeria,8,0,0,33,0
2022-03-30,Bangladesh,35,0,0,130,1
2022-03-31,Afghanistan,6,0,0,31,0
2022-03-31,Algeria,8,0,0,33,0
2022-03-31,Bangladesh,35,0,0,130,1
2022-04-01,Afghanistan,6,0,0,31,0
2022-04-01,Algeria,8,0,0,33,0
2022-04-01,Bangladesh,35,0,0,130,1
2022-04-02,Afghanistan,6,0,0,31,0
2022-04-02,Algeria,8,0,0,33,0
2022-04-02,Bangladesh,35,0,0,131,0
2022-04-03,Afghanistan,6,0,0,31,0
2022-04-03,Algeria,8,0,0,33,0
2022-04-03,Bangladesh,35,0,0,131,0
2022-04-04,Afghanistan,6,0,0,31,0
2022-04-04,Algeria,8,0,0,33,0
2022-04-04,Bangladesh,35,0,0,131,0
2022-04-05,Afghanistan,6,0,0,31,0
2022-04-05,Algeria,8,0,0,33,0
2022-04-05,Bangladesh,35,0,0,131,0
2022-04-06,Afghanistan,6,0,0,31,0
2022-04-06,Algeria,8,0,0,33,0
2022-04-06,Bangladesh,35,0,0,131,0
2022-04-07,Afghanistan,6,0,0,31,0
2022-04-07,Algeria,8,0,0,33,0
2022-04-07,Bangladesh,35,0,0,131,0
2022-04-08,Afghanistan,6,0,0,31,0
2022-04-08,Algeria,8,0,0,33,0
2022-04-08,Bangladesh,35,0,0,131,0
2022-04-09,Afghanistan,6,0,0,31,0
2022-04-09,Algeria,8,0,0,33,0
2022-04-09,Bangladesh,35,0,0,131,0
2022-04-10,Afghanistan,6,0,0,31,0
2022-04-10,Algeria,8,0,0,33,0
2022-04-10,Bangladesh,35,0,0,131,0
2022-04-11,Afghanistan,6,0,0,31,0
2022-04-11,Algeria,8,0,0,33,0
2022-04-11,Bangladesh,35,2,0,129,0
2022-04-12,Afghanistan,6,1,0,30,0
2022-04-12,Algeria,8,1,0,32,0
2022-04-12,Bangladesh,35,2,1,128,0
2022-04-13,Afghanistan,6,2,0,29,0
2022-04-13,Algeria,8,0,1,32,0
2022-04-13,Bangladesh,35,4,1,126,0
2022-04-14,Afghanistan,6,2,0,29,0
2022-04-14,Algeria,8,0,1,32,0
2022-04-14,Bangladesh,35,3,3,125,0
2022-04-15,Afghanistan,6,2,1,28,0
2022-04-15,Algeria,8,0,1,32,0
2022-04-15,Bangladesh,35,2,4,125,0
2022-04-16,Afghanistan,6,2,1,28,0
2022-04-16,Algeria,8,0,1,32,0
2022-04-16,Bangladesh,35,3,4,124,0
2022-04-17,Afghanistan,6,1,2,28,0
2022-04-17,Algeria,8,1,0,31,1
2022-04-17,Bangladesh,35,3,6,122,0
2022-04-18,Afghanistan,6,1,2,28,0
2022-04-18,Algeria,8,1,0,31,1
2022-04-18,Bangladesh,35,2,5,123,1
2022-04-19,Afghanistan,6,1,1,29,0
2022-04-19,Algeria,8,0,1,31,1
2022-04-19,Bangladesh,35,5,4,121,1
2022-04-20,Afghanistan,6,2,2,27,0
2022-04-20,Algeria,8,0,1,31,1
2022-04-20,Bangladesh,35,6,4,119,2
2022-04-21,Afghanistan,6,2,1,27,1
2022-04-21,Algeria,8,2,1,29,1
2022-04-21,Bangladesh,35,5,3,120,3
2022-04-22,Afghanistan,6,1,2,27,1
2022-04-22,Algeria,8,2,1,29,1
2022-04-22,Bangladesh,35,6,2,120,3
2022-04-23,Afghanistan,6,1,2,27,1
2022-04-23,Algeria,8,1,1,29,2
2022-04-23,Bangladesh,35,3,5,120,3
2022-04-24,Afghanistan,6,1,1,28,1
2022-04-24,Algeria,8,1,1,29,2
2022-04-24,Bangladesh,35,4,4,120,3
2022-04-25,Afghanistan,6,1,1,28,1
2022-04-25,Algeria,8,2,1,28,2
2022-04-25,Bangladesh,35,4,4,119,4
2022-04-26,Afghanistan,6,3,0,27,1
2022-04-26,Algeria,8,1,2,28,2
2022-04-26,Bangladesh,35,7,4,116,4
2022-04-27,Afghanistan,6,1,2,27,1
2022-04-27,Algeria,8,1,1,29,2
2022-04-27,Bangladesh,35,8,3,115,5
2022-04-28,Afghanistan,6,1,3,26,1
2022-04-28,Algeria,8,1,1,29,2
2022-04-28,Bangladesh,35,9,5,112,5
2022-04-29,Afghanistan,6,2,3,25,1
2022-04-29,Algeria,8,2,1,28,2
2022-04-29,Bangladesh,35,8,7,110,6
2022-04-30,Afghanistan,6,3,3,24,1
2022-04-30,Algeria,8,3,0,28,2
2022-04-30,Bangladesh,35,9,9,107,6
